Category,Product,Label;
"Cleaning of liquid damaged laptops,""Rengöring av laptops hos Mcare 3Butiken Kungsgatan, Kungsgatan 20, 411 19 Göteborg"",Nordic Swan";
"Cleaning of liquid damaged laptops,""Rengöring av laptops hos Mcare Malmö, Masttorget 6, vån 6, 211 77 Malmö"",Nordic Swan";
"Cleaning of liquid damaged laptops,""Rengöring av laptops hos Mcare 3Butiken Jönköping, Lantmätargränd 61, 553 20 Jönköping"",Nordic Swan";
"Cleaning of liquid damaged laptops,""Rengöring av laptops hos Mcare MediaMarkt Högsbo, Lona Knapes gata 1, 421 32 Västra Frölunda"",Nordic Swan";
"Cleaning of liquid damaged laptops,""Rengöring av laptops hos Mcare Stjärnafyrkant, Ortviksvägen 8, 856 33 Sundsvall"",Nordic Swan";
"Cleaning of liquid damaged laptops,""Rengöring av laptops hos Mcare Stockholm, Sveavägen 28, 111 34 Stockholm"",Nordic Swan";
"Cleaning of liquid damaged laptops,""Rengöring av laptops hos Godsinlösen Nordic AB, Handelvägen 18, 24522 Staffanstorp"",Nordic Swan";
"Cleaning of liquid damaged laptops,""Rengöring av laptops hos Mcare 3Butiken Täby centrum, Stora Vägen 145, 183 34 Täby"",Nordic Swan";
"Cleaning of liquid damaged laptops,""Rengöring av laptops hos Mcare MediaMarkt Gallerian, Hamngatan 37, 111 53 Stockholm"",Nordic Swan";
"Cleaning of liquid damaged smartphones,""Rengöring av mobiltelefoner hos Mcare MediaMarkt Gallerian, Hamngatan 37, 111 53 Stockholm"",Nordic Swan";
"Cleaning of liquid damaged smartphones,""Rengöring av mobiltelefoner hos Mcare 3Butiken Jönköping, Lantmätargränd 61, 553 20 Jönköping"",Nordic Swan";
"Cleaning of liquid damaged smartphones,""Rengöring av mobiltelefoner hos Godsinlösen Nordic AB, Handelvägen 18, 24522 Staffanstorp"",Nordic Swan";
"Cleaning of liquid damaged smartphones,""Rengöring av mobiltelefoner hos Mcare MediaMarkt Högsbo, Lona Knapes gata 1, 421 32 Västra Frölunda"",Nordic Swan";
"Cleaning of liquid damaged smartphones,""Rengöring av mobiltelefoner hos Mcare Malmö, Masttorget 6, vån 6, 211 77 Malmö"",Nordic Swan";
"Cleaning of liquid damaged smartphones,""Rengöring av mobiltelefoner hos Mcare 3Butiken Kungsgatan, Kungsgatan 20, 411 19 Göteborg"",Nordic Swan";
"Cleaning of liquid damaged smartphones,""Rengöring av mobiltelefoner hos Mcare 3Butiken Täby centrum, Stora Vägen 145, 183 34 Täby"",Nordic Swan";
"Cleaning of liquid damaged smartphones,""Rengöring av mobiltelefoner hos Mcare Stjärnafyrkant, Ortviksvägen 8, 856 33 Sundsvall"",Nordic Swan";
"Cleaning of liquid damaged smartphones,""Rengöring av mobiltelefoner hos Mcare Stockholm, Sveavägen 28, 111 34 Stockholm"",Nordic Swan";
Copier,Brother DCP-L8450CDW,Nordic Swan;
Copier,Brother DCP-9020CDW,Nordic Swan;
Copier,Brother DCP-L6600DW,Nordic Swan;
Copier,Brother DCP-L8400CDN,Nordic Swan;
Copier,Brother DCP-J4120DW,Nordic Swan;
Copier,Digital Copier DCP9015CDW,Nordic Swan;
Copier,Brother DCP-L3517CDW,Nordic Swan;
Copier,Brother MFC-9330CDW,Nordic Swan;
Copier,Brother HL-3170CDW,Nordic Swan;
Copier,Brother DCP-L5500DN,Nordic Swan;
Multifunction printer,MFC-J4535DWXL,Nordic Swan;
Multifunction printer,e-STUDIO400AC,Nordic Swan;
Multifunction printer,e-STUDIO3018A,Nordic Swan;
Multifunction printer,Brother MFC-L3750CDW,Nordic Swan;
Multifunction printer,Toshiba e-STUDIO6506AC,Nordic Swan;
Multifunction printer,Brother MFC-L9570CDW,Nordic Swan;
Multifunction printer,e-STUDIO3508A,Nordic Swan;
Multifunction printer,Brother MFC-J5730DW,Nordic Swan;
Multifunction printer,Brother MFC – J985DW,Nordic Swan;
Multifunction printer,Brother MFC-J680DW,Nordic Swan;
Primary batteries,Energizer Max AA Alkaline,Nordic Swan;
Primary batteries,Energizer Max AA Alkaline,Nordic Swan;
Primary batteries,Duracell Plus: AAA alkaline,Nordic Swan;
Primary batteries,Duracell Plus: AAA alkaline,Nordic Swan;
Primary batteries,Duracell Plus: AA alkaline,Nordic Swan;
Primary batteries,Duracell Plus: AA alkaline,Nordic Swan;
"Primary batteries,""FAVORIT (Bergendahls), LR14"",Nordic Swan";
Primary batteries,ICA LR14,Nordic Swan;
Primary batteries,Voniko LR20,Nordic Swan;
"Primary batteries,""Anslut, 6LR61"",Nordic Swan";
Printer,Brother HL-L3270CDW,Nordic Swan;
Printer,Brother HL-J6100DW,Nordic Swan;
Printer,e-STUDIO3508LP,Nordic Swan;
Printer,Brother HL-L2310D,Nordic Swan;
Printer,Brother HL-L5100DN,Nordic Swan;
Printer,Brother HL-L9200CDWT,Nordic Swan;
Printer,HL-J6010DW,Nordic Swan;
Printer,Brother DCP-J572DW,Nordic Swan;
Printer,Brother HL-L2357DW,Nordic Swan;
Printer,Brother HL-L2350DW,Nordic Swan;
Rechargeable battery,ENERGIZER Rech Power Plus AAA/E92 700mAh FSB4,Nordic Swan;
"Rechargeable battery,""Deltaco Rechargeable, AAA Size HR03 1000 mAh"",Nordic Swan";
"Rechargeable battery,""Deltaco Rechargeable, AA Size HR6 2500 mAh"",Nordic Swan";
Rechargeable battery,VARTA RECHARGE ACCU Recycled AA 2100mAh,Nordic Swan;
Rechargeable battery,ENERGIZER Rech Extreme AAA/E92 800mAh FSB4,Nordic Swan;
Rechargeable battery,VARTA RECHARGE ACCU Power AA 2600mAh,Nordic Swan;
Rechargeable battery,ENERGIZER Rech Power Plus AA/E91 2000mAh FSB4,Nordic Swan;
Rechargeable battery,VARTA RECHARGE ACCU Recycled AAA 800mAh,Nordic Swan;
Rechargeable battery,ENERGIZER Rech Extreme AA/E91 2300mAh FSB4,Nordic Swan;
"Rechargeable battery,""Ultra Power Rechargeable, AA Size HR6 2500 mAh"",Nordic Swan";
Baby Phones,LeapFrog LF80,Blue Angel;
Climate-Friendly Co-Location Data Center,akquinet DATA CENTER AKQ-RZ-HAM-02,Blue Angel;
Coffee Machines,ritter coffee machine cafena 5,Blue Angel;
Computers and Keyboards,CHERRY SECURE BOARD 1.0 M/N: JK-A04,Blue Angel;
Computers and Keyboards,CHERRY Stream Corded Multimedia Keyboard G85-23xxx,Blue Angel;
Computers and Keyboards,CHERRY STREAM DESKTOP RECHARGE,Blue Angel;
Computers and Keyboards,CHERRY STREAM KEYBOARD JK-85,Blue Angel;
Computers and Keyboards,CHERRY STREAM KEYBOARD JK-85 & CHERRY STREAM DESKTOP JD-85,Blue Angel;
Computers and Keyboards,CHERRY STREAM KEYBOARD TKL,Blue Angel;
Computers and Keyboards,CHERRY Tastatur B.Unlimited JD-04,Blue Angel;
Computers and Keyboards,CHERRY Tastatur KC 1000 (M/N): JG-08,Blue Angel;
Computers and Keyboards,CHERRY Tastatur KC 1000 SC (M/N): JK-A0xxx und KC 1000 SC/DI (M/N): JK-A0xxx,Blue Angel;
Computers and Keyboards,FUJITSU Keyboard KB 100 SCR,Blue Angel;
Computers and Keyboards,FUJITSU Tastatur KB521,Blue Angel;
Data Centers,BSH Rechenzentrum Bundesamt für Seeschifffahrt und Hydrographie (BSH) Bernhard-Nocht-Straße 78 20359 Hamburg,Blue Angel;
Data Centers,Green IT Cube,Blue Angel;
Data Centers,HLRS Höchstleistungsrechenzentrum Universität Stuttgart,Blue Angel;
Data Shredders,HSM SECURIO P36i,Blue Angel;
Data Shredders,HSM SECURIO P40i,Blue Angel;
Data Shredders,HSM SECURIO P44i,Blue Angel;
"Data Shredders,""IDEAL 2245, 2245 CC, 2265, 2265 CC, EBA 1126, 1126 C, 1128, 1128 C"",Blue Angel";
"Data Shredders,""IDEAL 2445, 2445 CC, 2445 MC, 2445 SMC";" EBA 1624 S, 1624 C, 1624 CC, 1624 CCC"",Blue Angel"
"Data Shredders,""IDEAL 2465, 2465 CC";" EBA 1824 S, 1824 C"",Blue Angel"
"Data Shredders,""IDEAL 2503, 2503CC";" EBA 2127S, 2127C"",Blue Angel"
"Data Shredders,""IDEAL 2604, 2604CC, 2604MC, 2604SMC, 2605 SMC";" EBA 2326S, 2326C, 2326CC, 2326CCC, 2026-2CCC"",Blue Angel"
"Data Shredders,""IDEAL 3104, 3104CC";" EBA 2331S, 2331C"",Blue Angel"
"Data Shredders,""IDEAL 3105, 3105CC, 3105SMC";" EBA 5131S, 5131C, 5131CCC"",Blue Angel"
"Data Shredders,""IDEAL 3804, 3804CC";" EBA 2339S, 2339C"",Blue Angel"
"Data Shredders,""IDEAL 4002, 4002CC";" EBA 3140S, 3140C"",Blue Angel"
"Data Shredders,""IDEAL 4005, 4005CC, 4005MC, 4005SMC";" EBA 5141S, 5141C, 5141CC, 5141CCC"",Blue Angel"
Data Shredders,Securio AF150,Blue Angel;
Data Shredders,Securio AF300,Blue Angel;
Data Shredders,Securio AF500,Blue Angel;
Data Shredders,Securio B22,Blue Angel;
Data Shredders,Securio B24,Blue Angel;
Data Shredders,Securio B26,Blue Angel;
Data Shredders,Securio B32,Blue Angel;
Data Shredders,Securio B34,Blue Angel;
Data Shredders,Securio B35,Blue Angel;
Data Shredders,Securio C14,Blue Angel;
Data Shredders,Securio C16,Blue Angel;
Data Shredders,Securio C18,Blue Angel;
Digital cordless phone,Telekom Sinus 12 / Sinus A 12,Blue Angel;
Digital cordless phone,Telekom Sinus 207 / Sinus A 207 / Sinus 207 Pack,Blue Angel;
Digital cordless phone,Telekom Sinus A32,Blue Angel;
Digital cordless phone,Telekom Sinus PA 207 Plus 1,Blue Angel;
Digital cordless phone,Telekom Speedphone 12,Blue Angel;
Digital cordless phone,Telekom Speedphone 32,Blue Angel;
Digital cordless phone,Telekom Speedphone 52,Blue Angel;
Garden tools,ATIKA Leise-Walzenhäcksler Modell AH 621/Typ LHF 2800,Blue Angel;
Garden tools,ATIKA Leise-Walzenhäcksler Modell ALF 2800,Blue Angel;
Mobile Phones (until 12/2022),Fairphone 4 5G,Blue Angel;
Printers and Multifunction Devices,Brother DCP-J1050DW,Blue Angel;
Printers and Multifunction Devices,Brother DCP-J1140DW,Blue Angel;
Printers and Multifunction Devices,Brother DCP-J1200W,Blue Angel;
Printers and Multifunction Devices,Brother DCP-L2510D,Blue Angel;
Printers and Multifunction Devices,Brother DCP-L2530DW,Blue Angel;
Printers and Multifunction Devices,Brother DCP-L2550DN,Blue Angel;
Printers and Multifunction Devices,Brother HL-L2310D,Blue Angel;
Printers and Multifunction Devices,Brother HL-L2350DW,Blue Angel;
Printers and Multifunction Devices,Brother HL-L2370DN,Blue Angel;
Printers and Multifunction Devices,Brother HL-L2375DW,Blue Angel;
Printers and Multifunction Devices,Brother HL-L3210CW,Blue Angel;
Printers and Multifunction Devices,Brother HL-L3230CDW,Blue Angel;
Printers and Multifunction Devices,Brother HL-L3270CDW,Blue Angel;
Printers and Multifunction Devices,Brother HL-L5000D,Blue Angel;
Printers and Multifunction Devices,Brother HL-L5100DN,Blue Angel;
Printers and Multifunction Devices,Brother HL-L5100DNT,Blue Angel;
Printers and Multifunction Devices,Brother HL-L5200DW,Blue Angel;
Printers and Multifunction Devices,Brother HL-L6250DN,Blue Angel;
Printers and Multifunction Devices,Brother HL-L6300DW,Blue Angel;
Printers and Multifunction Devices,Brother HL-L6400DW,Blue Angel;
Printers and Multifunction Devices,Brother HL-L6450DW,Blue Angel;
Printers and Multifunction Devices,Brother HL-L8260CDW,Blue Angel;
Printers and Multifunction Devices,Brother HL-L8360CDW,Blue Angel;
Printers and Multifunction Devices,Brother HL-L9310CDW,Blue Angel;
Printers and Multifunction Devices,Brother HL-L9310CDWT,Blue Angel;
Printers and Multifunction Devices,Brother HL-L9310CDWTT,Blue Angel;
Printers and Multifunction Devices,Brother MFC-J1010DW,Blue Angel;
Printers and Multifunction Devices,Brother MFC-J4335DW,Blue Angel;
Printers and Multifunction Devices,Brother MFC-J4340DW,Blue Angel;
Printers and Multifunction Devices,Brother MFC-J4540DW,Blue Angel;
Printers and Multifunction Devices,Brother MFC-J4540DW XL,Blue Angel;
Printers and Multifunction Devices,Brother MFC-L2710DN,Blue Angel;
Printers and Multifunction Devices,Brother MFC-L2710DW,Blue Angel;
Printers and Multifunction Devices,Brother MFC-L2730DW,Blue Angel;
Printers and Multifunction Devices,Brother MFC-L2750DW,Blue Angel;
Printers and Multifunction Devices,Canon i-SENSYS LBP162dw,Blue Angel;
Printers and Multifunction Devices,Canon i-SENSYS LBP223dw,Blue Angel;
Printers and Multifunction Devices,Canon i-SENSYS LBP226dw,Blue Angel;
Printers and Multifunction Devices,Canon i-SENSYS LBP228x,Blue Angel;
Printers and Multifunction Devices,Canon i-SENSYS LBP233dw,Blue Angel;
Printers and Multifunction Devices,Canon i-SENSYS LBP236dw,Blue Angel;
Printers and Multifunction Devices,Canon i-SENSYS LBP325x,Blue Angel;
Printers and Multifunction Devices,Canon i-SENSYS LBP351x,Blue Angel;
Printers and Multifunction Devices,Canon i-SENSYS LBP352x,Blue Angel;
Printers and Multifunction Devices,Canon i-SENSYS LBP623Cdw,Blue Angel;
Printers and Multifunction Devices,Canon i-SENSYS LBP631Cw,Blue Angel;
Printers and Multifunction Devices,Canon i-SENSYS LBP633Cdw,Blue Angel;
Printers and Multifunction Devices,Canon i-SENSYS LBP663Cdw,Blue Angel;
Printers and Multifunction Devices,Canon i-SENSYS LBP673Cdw,Blue Angel;
Printers and Multifunction Devices,Canon i-SENSYS LBP722Cdw,Blue Angel;
Printers and Multifunction Devices,Canon i-SENSYS LBP852Cx,Blue Angel;
Printers and Multifunction Devices,Canon i-SENSYS MF264dw,Blue Angel;
Printers and Multifunction Devices,Canon i-SENSYS MF267dw,Blue Angel;
Printers and Multifunction Devices,Canon i-SENSYS MF269dw,Blue Angel;
Printers and Multifunction Devices,Canon i-SENSYS MF443dw,Blue Angel;
Printers and Multifunction Devices,Canon i-SENSYS MF445dw,Blue Angel;
Printers and Multifunction Devices,Canon i-SENSYS MF446x,Blue Angel;
Printers and Multifunction Devices,Canon i-SENSYS MF449x,Blue Angel;
Printers and Multifunction Devices,Canon i-SENSYS MF453dw,Blue Angel;
Printers and Multifunction Devices,Canon i-SENSYS MF455dw,Blue Angel;
Printers and Multifunction Devices,Canon i-SENSYS MF542x,Blue Angel;
Printers and Multifunction Devices,Canon i-SENSYS MF543x,Blue Angel;
Printers and Multifunction Devices,Canon i-SENSYS MF643Cdw,Blue Angel;
Printers and Multifunction Devices,Canon i-SENSYS MF645Cx,Blue Angel;
Printers and Multifunction Devices,Canon i-SENSYS MF651Cw,Blue Angel;
Printers and Multifunction Devices,Canon i-SENSYS MF655Cdw,Blue Angel;
Printers and Multifunction Devices,Canon i-SENSYS MF657Cdw,Blue Angel;
Printers and Multifunction Devices,Canon i-SENSYS MF742Cdw,Blue Angel;
Printers and Multifunction Devices,Canon i-SENSYS MF744Cdw,Blue Angel;
Printers and Multifunction Devices,Canon i-SENSYS MF746Cx,Blue Angel;
Printers and Multifunction Devices,Canon i-SENSYS MF752Cdw,Blue Angel;
Printers and Multifunction Devices,Canon i-SENSYS MF754Cdw,Blue Angel;
Printers and Multifunction Devices,Canon i-SENSYS MF832Cdw,Blue Angel;
Printers and Multifunction Devices,Canon i-SENSYS X 1238i,Blue Angel;
Printers and Multifunction Devices,Canon i-SENSYS X 1238i II,Blue Angel;
Printers and Multifunction Devices,Canon i-SENSYS X 1238iF,Blue Angel;
Printers and Multifunction Devices,Canon i-SENSYS X 1238iF II,Blue Angel;
Printers and Multifunction Devices,Canon i-SENSYS X 1238P,Blue Angel;
Printers and Multifunction Devices,Canon i-SENSYS X 1238P II,Blue Angel;
Printers and Multifunction Devices,Canon i-SENSYS X 1238Pr,Blue Angel;
Printers and Multifunction Devices,Canon i-SENSYS X 1238Pr II,Blue Angel;
Printers and Multifunction Devices,Canon i-SENSYS X 1643P,Blue Angel;
Printers and Multifunction Devices,Canon i-SENSYS X C1127i,Blue Angel;
Printers and Multifunction Devices,Canon i-SENSYS X C1127iF,Blue Angel;
Printers and Multifunction Devices,Canon i-SENSYS X C1127P,Blue Angel;
Printers and Multifunction Devices,Canon i-SENSYS X C1333i,Blue Angel;
Printers and Multifunction Devices,Canon i-SENSYS X C1333iF,Blue Angel;
Printers and Multifunction Devices,Canon i-SENSYS X C1333P,Blue Angel;
Printers and Multifunction Devices,Canon i-SENSYS X C1533P,Blue Angel;
Printers and Multifunction Devices,Canon i-SENSYS X C1538P,Blue Angel;
Printers and Multifunction Devices,Canon imagePRESS C165,Blue Angel;
Printers and Multifunction Devices,Canon imagePRESS C170,Blue Angel;
Printers and Multifunction Devices,Canon imagePRESS C265,Blue Angel;
Printers and Multifunction Devices,Canon imagePRESS C270,Blue Angel;
Printers and Multifunction Devices,Canon imageRUNNER 1643i,Blue Angel;
Printers and Multifunction Devices,Canon imageRUNNER 1643iF,Blue Angel;
Printers and Multifunction Devices,Canon imageRUNNER 2625i,Blue Angel;
Printers and Multifunction Devices,Canon imageRUNNER 2630i,Blue Angel;
Printers and Multifunction Devices,Canon imageRUNNER 2645i,Blue Angel;
Printers and Multifunction Devices,Canon imageRUNNER 2725i,Blue Angel;
Printers and Multifunction Devices,Canon imageRUNNER 2730i,Blue Angel;
Printers and Multifunction Devices,Canon imageRUNNER 2745i,Blue Angel;
Printers and Multifunction Devices,Canon imageRUNNER ADVANCE DX 4725i,Blue Angel;
Printers and Multifunction Devices,Canon imageRUNNER ADVANCE DX 4735i,Blue Angel;
Printers and Multifunction Devices,Canon imageRUNNER ADVANCE DX 4745i,Blue Angel;
Printers and Multifunction Devices,Canon imageRUNNER ADVANCE DX 4751i,Blue Angel;
Printers and Multifunction Devices,Canon imageRUNNER ADVANCE DX 4825i,Blue Angel;
Printers and Multifunction Devices,Canon imageRUNNER ADVANCE DX 4835i,Blue Angel;
Printers and Multifunction Devices,Canon imageRUNNER ADVANCE DX 4845i,Blue Angel;
Printers and Multifunction Devices,Canon imageRUNNER ADVANCE DX 527i,Blue Angel;
Printers and Multifunction Devices,Canon imageRUNNER ADVANCE DX 527iZ,Blue Angel;
Printers and Multifunction Devices,Canon imageRUNNER ADVANCE DX 617i,Blue Angel;
Printers and Multifunction Devices,Canon imageRUNNER ADVANCE DX 617iZ,Blue Angel;
Printers and Multifunction Devices,Canon imageRUNNER ADVANCE DX 6855i,Blue Angel;
Printers and Multifunction Devices,Canon imageRUNNER ADVANCE DX 6860i,Blue Angel;
Printers and Multifunction Devices,Canon imageRUNNER ADVANCE DX 6870i,Blue Angel;
Printers and Multifunction Devices,Canon imageRUNNER ADVANCE DX 717i,Blue Angel;
Printers and Multifunction Devices,Canon imageRUNNER ADVANCE DX 717iZ,Blue Angel;
Printers and Multifunction Devices,Canon imageRUNNER ADVANCE DX C257i,Blue Angel;
Printers and Multifunction Devices,Canon imageRUNNER ADVANCE DX C357i,Blue Angel;
Printers and Multifunction Devices,Canon imageRUNNER ADVANCE DX C357P,Blue Angel;
Printers and Multifunction Devices,Canon imageRUNNER ADVANCE DX C3822i,Blue Angel;
Printers and Multifunction Devices,Canon imageRUNNER ADVANCE DX C3826i,Blue Angel;
Printers and Multifunction Devices,Canon imageRUNNER ADVANCE DX C3830i,Blue Angel;
Printers and Multifunction Devices,Canon imageRUNNER ADVANCE DX C3835i,Blue Angel;
Printers and Multifunction Devices,Canon imageRUNNER ADVANCE DX C478i,Blue Angel;
Printers and Multifunction Devices,Canon imageRUNNER ADVANCE DX C478iZ,Blue Angel;
Printers and Multifunction Devices,Canon imageRUNNER ADVANCE DX C5840i,Blue Angel;
Printers and Multifunction Devices,Canon imageRUNNER ADVANCE DX C5850i,Blue Angel;
Printers and Multifunction Devices,Canon imageRUNNER ADVANCE DX C5860i,Blue Angel;
Printers and Multifunction Devices,Canon imageRUNNER ADVANCE DX C5870i,Blue Angel;
Printers and Multifunction Devices,Canon imageRUNNER ADVANCE DX C7765i,Blue Angel;
Printers and Multifunction Devices,Canon imageRUNNER ADVANCE DX C7770i,Blue Angel;
Printers and Multifunction Devices,Canon imageRUNNER ADVANCE DX C7780i,Blue Angel;
Printers and Multifunction Devices,Canon imageRUNNER C1533iF,Blue Angel;
Printers and Multifunction Devices,Canon imageRUNNER C1538iF,Blue Angel;
Printers and Multifunction Devices,Canon imageRUNNER C3226i,Blue Angel;
Printers and Multifunction Devices,DEVELOP ineo 300i,Blue Angel;
Printers and Multifunction Devices,DEVELOP ineo 360i,Blue Angel;
Printers and Multifunction Devices,DEVELOP ineo 4050i,Blue Angel;
Printers and Multifunction Devices,DEVELOP ineo 450i,Blue Angel;
Printers and Multifunction Devices,DEVELOP ineo 4700i,Blue Angel;
Printers and Multifunction Devices,DEVELOP ineo 4750i,Blue Angel;
Printers and Multifunction Devices,DEVELOP ineo 550i,Blue Angel;
Printers and Multifunction Devices,DEVELOP ineo 650i,Blue Angel;
Printers and Multifunction Devices,DEVELOP ineo 750i,Blue Angel;
Printers and Multifunction Devices,DEVELOP ineo+ 250i,Blue Angel;
Printers and Multifunction Devices,DEVELOP ineo+ 300i,Blue Angel;
Printers and Multifunction Devices,DEVELOP ineo+ 3300i,Blue Angel;
Printers and Multifunction Devices,DEVELOP ineo+ 3320i,Blue Angel;
Printers and Multifunction Devices,DEVELOP ineo+ 3350i,Blue Angel;
Printers and Multifunction Devices,DEVELOP ineo+ 360i,Blue Angel;
Printers and Multifunction Devices,DEVELOP ineo+ 4000i,Blue Angel;
Printers and Multifunction Devices,DEVELOP ineo+ 4050i,Blue Angel;
Printers and Multifunction Devices,DEVELOP ineo+ 450i,Blue Angel;
Printers and Multifunction Devices,DEVELOP ineo+ 550i,Blue Angel;
Printers and Multifunction Devices,DEVELOP ineo+ 650i,Blue Angel;
Printers and Multifunction Devices,DEVELOP ineo+ 750i,Blue Angel;
Printers and Multifunction Devices,EPSON WF-C8190B,Blue Angel;
Printers and Multifunction Devices,EPSON WF-C8690B,Blue Angel;
Printers and Multifunction Devices,EPSON WorkForce AL-M320DN,Blue Angel;
Printers and Multifunction Devices,EPSON WorkForce Enterprise WF-C20600,Blue Angel;
Printers and Multifunction Devices,EPSON WorkForce Enterprise WF-C20750,Blue Angel;
Printers and Multifunction Devices,EPSON WorkForce Enterprise WF-C21000,Blue Angel;
Printers and Multifunction Devices,EPSON WorkForce Enterprise WF-M21000,Blue Angel;
Printers and Multifunction Devices,EPSON WorkForce Pro WF-C5290BAM,Blue Angel;
Printers and Multifunction Devices,EPSON WorkForce Pro WF-C529RBAM,Blue Angel;
Printers and Multifunction Devices,EPSON WorkForce Pro WF-C5790BAM,Blue Angel;
Printers and Multifunction Devices,EPSON WorkForce Pro WF-C579RBAM,Blue Angel;
Printers and Multifunction Devices,EPSON WorkForce Pro WF-C878RB,Blue Angel;
Printers and Multifunction Devices,EPSON WorkForce Pro WF-C879RBAM,Blue Angel;
Printers and Multifunction Devices,EPSON WorkForce Pro WF-M5299BAM,Blue Angel;
Printers and Multifunction Devices,EPSON WorkForce Pro WF-M5799BAM,Blue Angel;
Printers and Multifunction Devices,HP Color LaserJet Enterprise Flow MFP M578c,Blue Angel;
Printers and Multifunction Devices,HP Color LaserJet Enterprise Flow MFP M681z,Blue Angel;
Printers and Multifunction Devices,HP Color LaserJet Enterprise Flow MFP M682z,Blue Angel;
Printers and Multifunction Devices,HP Color LaserJet Enterprise Flow MFP M776z,Blue Angel;
Printers and Multifunction Devices,HP Color LaserJet Enterprise Flow MFP M776zs,Blue Angel;
Printers and Multifunction Devices,HP Color LaserJet Enterprise M455dn,Blue Angel;
Printers and Multifunction Devices,HP Color LaserJet Enterprise M554dn,Blue Angel;
Printers and Multifunction Devices,HP Color LaserJet Enterprise M555dn,Blue Angel;
Printers and Multifunction Devices,HP Color LaserJet Enterprise M555x,Blue Angel;
Printers and Multifunction Devices,HP Color LaserJet Enterprise M652dn,Blue Angel;
Printers and Multifunction Devices,HP Color LaserJet Enterprise M653dn,Blue Angel;
Printers and Multifunction Devices,HP Color LaserJet Enterprise M653x,Blue Angel;
Printers and Multifunction Devices,HP Color LaserJet Enterprise M751dn,Blue Angel;
Printers and Multifunction Devices,HP Color LaserJet Enterprise M856dn,Blue Angel;
Printers and Multifunction Devices,HP Color LaserJet Enterprise MFP M480f,Blue Angel;
Printers and Multifunction Devices,HP Color LaserJet Enterprise MFP M578dn,Blue Angel;
Printers and Multifunction Devices,HP Color LaserJet Enterprise MFP M681dh,Blue Angel;
Printers and Multifunction Devices,HP Color LaserJet Enterprise MFP M681f,Blue Angel;
Printers and Multifunction Devices,HP Color LaserJet Enterprise MFP M776dn,Blue Angel;
Printers and Multifunction Devices,HP Color LaserJet Managed E45028dn,Blue Angel;
Printers and Multifunction Devices,HP Color LaserJet Managed E55040dn (3GX99A),Blue Angel;
Printers and Multifunction Devices,HP Color LaserJet Managed E65150dn,Blue Angel;
Printers and Multifunction Devices,HP Color LaserJet Managed E65160dn,Blue Angel;
Printers and Multifunction Devices,HP Color LaserJet Managed E75245dn,Blue Angel;
Printers and Multifunction Devices,HP Color LaserJet Managed E85055dn,Blue Angel;
Printers and Multifunction Devices,HP Color LaserJet Managed Flow MFP E57540c,Blue Angel;
Printers and Multifunction Devices,HP Color LaserJet Managed Flow MFP E67660z,Blue Angel;
Printers and Multifunction Devices,HP Color LaserJet Managed Flow MFP E78323z (8GR99A),Blue Angel;
Printers and Multifunction Devices,HP Color LaserJet Managed Flow MFP E78323z (8GS28A),Blue Angel;
Printers and Multifunction Devices,HP Color LaserJet Managed Flow MFP E78325z (8GS00A),Blue Angel;
Printers and Multifunction Devices,HP Color LaserJet Managed Flow MFP E78325z (8GS29A),Blue Angel;
Printers and Multifunction Devices,HP Color LaserJet Managed Flow MFP E78330z (8GS01A),Blue Angel;
Printers and Multifunction Devices,HP Color LaserJet Managed Flow MFP E78330z (8GS30A),Blue Angel;
Printers and Multifunction Devices,HP Color LaserJet Managed Flow MFP E87640z (ab/from SN CNC8KD1001),Blue Angel;
Printers and Multifunction Devices,HP Color LaserJet Managed Flow MFP E87650z (ab/from SN CNC8KD1001),Blue Angel;
"Printers and Multifunction Devices,""HP Color LaserJet Managed Flow MFP E87660z (ab/from SN CNC8KD1001, ab/from FN 24.9.1)"",Blue Angel";
Printers and Multifunction Devices,HP Color LaserJet Managed MFP E47528f,Blue Angel;
Printers and Multifunction Devices,HP Color LaserJet Managed MFP E57540dn,Blue Angel;
Printers and Multifunction Devices,HP Color LaserJet Managed MFP E78223dv (8GS13A),Blue Angel;
Printers and Multifunction Devices,HP Color LaserJet Managed MFP E78228dn (8GS15A),Blue Angel;
Printers and Multifunction Devices,HP Color LaserJet Managed MFP E78228dn (8GS37A),Blue Angel;
Printers and Multifunction Devices,HP Color LaserJet Managed MFP E78323dn (8GR95A),Blue Angel;
Printers and Multifunction Devices,HP Color LaserJet Managed MFP E78323dn (8GS25A),Blue Angel;
Printers and Multifunction Devices,HP Color LaserJet Managed MFP E78325dn (8GR96A),Blue Angel;
Printers and Multifunction Devices,HP Color LaserJet Managed MFP E78325dn (8GS26A),Blue Angel;
Printers and Multifunction Devices,HP Color LaserJet Managed MFP E78330dn (8GR97A),Blue Angel;
Printers and Multifunction Devices,HP Color LaserJet Managed MFP E78330dn (8GS27A),Blue Angel;
Printers and Multifunction Devices,HP Color LaserJet Managed MFP E87640dn (ab/from SN CNC8KD1001),Blue Angel;
Printers and Multifunction Devices,HP Color LaserJet Managed MFP E87640du,Blue Angel;
Printers and Multifunction Devices,HP Color LaserJet Managed MFP E87650dn (ab/from SN CNC8KD1001),Blue Angel;
Printers and Multifunction Devices,HP Color LaserJet Managed MFP E87650du,Blue Angel;
"Printers and Multifunction Devices,""HP Color LaserJet Managed MFP E87660dn (ab/from SN CNC8KD1001, ab/from FN 24.9.1)"",Blue Angel";
Printers and Multifunction Devices,HP Color LaserJet Managed MFP E87660du (ab/from FN 24.9.1),Blue Angel;
Printers and Multifunction Devices,HP Color LaserJet Pro M155a,Blue Angel;
Printers and Multifunction Devices,HP Color LaserJet Pro M155nw,Blue Angel;
Printers and Multifunction Devices,HP Color LaserJet Pro M255dn,Blue Angel;
Printers and Multifunction Devices,HP Color LaserJet Pro M255dw,Blue Angel;
Printers and Multifunction Devices,HP Color LaserJet Pro M454dn,Blue Angel;
Printers and Multifunction Devices,HP Color LaserJet Pro M454dw,Blue Angel;
Printers and Multifunction Devices,HP Color LaserJet Pro MFP M182n,Blue Angel;
Printers and Multifunction Devices,HP Color LaserJet Pro MFP M182nw,Blue Angel;
Printers and Multifunction Devices,HP Color LaserJet Pro MFP M183fw,Blue Angel;
Printers and Multifunction Devices,HP Color LaserJet Pro MFP M283cdw (ab/from FN 20220112),Blue Angel;
Printers and Multifunction Devices,HP Color LaserJet Pro MFP M283fdn (ab/from FN 20220112),Blue Angel;
Printers and Multifunction Devices,HP Color LaserJet Pro MFP M283fdw (ab/from FN 20220112),Blue Angel;
Printers and Multifunction Devices,HP Color LaserJet Pro MFP M479dw,Blue Angel;
Printers and Multifunction Devices,HP Color LaserJet Pro MFP M479fdn,Blue Angel;
Printers and Multifunction Devices,HP Color LaserJet Pro MFP M479fdw,Blue Angel;
Printers and Multifunction Devices,HP Laser 408dn,Blue Angel;
Printers and Multifunction Devices,HP Laser MFP 432fdn,Blue Angel;
Printers and Multifunction Devices,HP LaserJet Enterprise 700 M712dn,Blue Angel;
Printers and Multifunction Devices,HP LaserJet Enterprise 700 M712xh,Blue Angel;
Printers and Multifunction Devices,HP LaserJet Enterprise Flow MFP M528z,Blue Angel;
Printers and Multifunction Devices,HP LaserJet Enterprise Flow MFP M635z,Blue Angel;
Printers and Multifunction Devices,HP LaserJet Enterprise Flow MFP M636z,Blue Angel;
Printers and Multifunction Devices,HP LaserJet Enterprise M406dn,Blue Angel;
Printers and Multifunction Devices,HP LaserJet Enterprise M507dn,Blue Angel;
Printers and Multifunction Devices,HP LaserJet Enterprise M507x,Blue Angel;
Printers and Multifunction Devices,HP LaserJet Enterprise M611dn,Blue Angel;
Printers and Multifunction Devices,HP LaserJet Enterprise M612dn,Blue Angel;
Printers and Multifunction Devices,HP LaserJet Enterprise M806x+ Printer,Blue Angel;
Printers and Multifunction Devices,HP LaserJet Enterprise MFP Flow M830z (ab/from FN 24.11.2.3),Blue Angel;
Printers and Multifunction Devices,HP LaserJet Enterprise MFP M430f,Blue Angel;
Printers and Multifunction Devices,HP LaserJet Enterprise MFP M528dn,Blue Angel;
Printers and Multifunction Devices,HP LaserJet Enterprise MFP M528f,Blue Angel;
Printers and Multifunction Devices,HP LaserJet Enterprise MFP M635fht,Blue Angel;
Printers and Multifunction Devices,HP LaserJet Enterprise MFP M635h,Blue Angel;
Printers and Multifunction Devices,HP LaserJet Enterprise MFP M636fh,Blue Angel;
Printers and Multifunction Devices,HP LaserJet Enterprise MFP M725z (ab/from FN 24.11.2.2),Blue Angel;
Printers and Multifunction Devices,HP LaserJet M110w,Blue Angel;
Printers and Multifunction Devices,HP LaserJet M111a,Blue Angel;
Printers and Multifunction Devices,HP LaserJet M111w,Blue Angel;
Printers and Multifunction Devices,HP LaserJet M209dw,Blue Angel;
Printers and Multifunction Devices,HP LaserJet M211d,Blue Angel;
Printers and Multifunction Devices,HP LaserJet M211dw,Blue Angel;
Printers and Multifunction Devices,HP LaserJet Managed E40040dn,Blue Angel;
Printers and Multifunction Devices,HP LaserJet Managed E50145dn,Blue Angel;
Printers and Multifunction Devices,HP LaserJet Managed E60155dn,Blue Angel;
Printers and Multifunction Devices,HP LaserJet Managed E60165dn,Blue Angel;
Printers and Multifunction Devices,HP LaserJet Managed Flow MFP E52645c,Blue Angel;
Printers and Multifunction Devices,HP LaserJet Managed Flow MFP E62665h,Blue Angel;
Printers and Multifunction Devices,HP LaserJet Managed Flow MFP E62665z,Blue Angel;
"Printers and Multifunction Devices,""HP LaserJet Managed Flow MFP E82540z (ab/from SN CNC8KD1001, ab/from FN 24.9.1)"",Blue Angel";
Printers and Multifunction Devices,HP LaserJet Managed Flow MFP E82550z (ab/from SN CNC8KD1001),Blue Angel;
"Printers and Multifunction Devices,""HP LaserJet Managed Flow MFP E82560z (ab/from SN CNC8KD1001, ab/from FN 24.9.1)"",Blue Angel";
Printers and Multifunction Devices,HP LaserJet Managed MFP E42540f,Blue Angel;
Printers and Multifunction Devices,HP LaserJet Managed MFP E52645dn,Blue Angel;
Printers and Multifunction Devices,HP LaserJet Managed MFP E62655dn,Blue Angel;
Printers and Multifunction Devices,HP LaserJet Managed MFP E62665hs,Blue Angel;
Printers and Multifunction Devices,HP LaserJet Managed MFP E82540du (ab/from FN 24.9.1),Blue Angel;
Printers and Multifunction Devices,HP LaserJet Managed MFP E82550du,Blue Angel;
Printers and Multifunction Devices,HP LaserJet Managed MFP E82560du (ab/from FN 24.9.1),Blue Angel;
Printers and Multifunction Devices,HP LaserJet MFP M140w (2A130F),Blue Angel;
Printers and Multifunction Devices,HP LaserJet MFP M140w (7MD72F),Blue Angel;
Printers and Multifunction Devices,HP LaserJet MFP M141a,Blue Angel;
Printers and Multifunction Devices,HP LaserJet MFP M141w,Blue Angel;
Printers and Multifunction Devices,HP LaserJet MFP M234dw (6GW99F),Blue Angel;
Printers and Multifunction Devices,HP LaserJet MFP M234dw (9YF91F),Blue Angel;
Printers and Multifunction Devices,HP LaserJet MFP M234sdn (6GX00F),Blue Angel;
Printers and Multifunction Devices,HP LaserJet MFP M234sdn (9YG02F),Blue Angel;
Printers and Multifunction Devices,HP LaserJet MFP M234sdw (6GX01F),Blue Angel;
Printers and Multifunction Devices,HP LaserJet MFP M234sdw (9YG05F),Blue Angel;
Printers and Multifunction Devices,HP LaserJet MFP M236d,Blue Angel;
Printers and Multifunction Devices,HP LaserJet MFP M236dw,Blue Angel;
Printers and Multifunction Devices,HP LaserJet MFP M236sdn,Blue Angel;
Printers and Multifunction Devices,HP LaserJet MFP M236sdw,Blue Angel;
Printers and Multifunction Devices,HP LaserJet Pro 3001dw,Blue Angel;
Printers and Multifunction Devices,HP LaserJet Pro 3002dn,Blue Angel;
Printers and Multifunction Devices,HP LaserJet Pro 3002dw,Blue Angel;
Printers and Multifunction Devices,HP LaserJet Pro 3003dn,Blue Angel;
Printers and Multifunction Devices,HP LaserJet Pro 3003dw,Blue Angel;
Printers and Multifunction Devices,HP LaserJet Pro M15a,Blue Angel;
Printers and Multifunction Devices,HP LaserJet Pro M15w,Blue Angel;
Printers and Multifunction Devices,HP LaserJet Pro M203dn,Blue Angel;
Printers and Multifunction Devices,HP LaserJet Pro M203dw,Blue Angel;
Printers and Multifunction Devices,HP LaserJet Pro M404d,Blue Angel;
Printers and Multifunction Devices,HP LaserJet Pro M404dn,Blue Angel;
Printers and Multifunction Devices,HP LaserJet Pro M404dw,Blue Angel;
Printers and Multifunction Devices,HP LaserJet Pro M501dn,Blue Angel;
Printers and Multifunction Devices,HP LaserJet Pro MFP 3101fdw,Blue Angel;
Printers and Multifunction Devices,HP LaserJet Pro MFP 3102fdn,Blue Angel;
Printers and Multifunction Devices,HP LaserJet Pro MFP 3102fdw,Blue Angel;
Printers and Multifunction Devices,HP LaserJet Pro MFP 3103fdn,Blue Angel;
Printers and Multifunction Devices,HP LaserJet Pro MFP 3103fdw,Blue Angel;
Printers and Multifunction Devices,HP LaserJet Pro MFP M148fdw (ab/from FN 20201023),Blue Angel;
Printers and Multifunction Devices,HP LaserJet Pro MFP M227fdn (ab/from FN 20201023),Blue Angel;
Printers and Multifunction Devices,HP LaserJet Pro MFP M227fdw (ab/from FN 20201023),Blue Angel;
Printers and Multifunction Devices,HP LaserJet Pro MFP M28w,Blue Angel;
Printers and Multifunction Devices,HP LaserJet Pro MFP M428dw,Blue Angel;
Printers and Multifunction Devices,HP LaserJet Pro MFP M428fdn,Blue Angel;
Printers and Multifunction Devices,HP LaserJet Pro MFP M428fdw,Blue Angel;
Printers and Multifunction Devices,HP LaserJet Tank 1502w,Blue Angel;
Printers and Multifunction Devices,HP LaserJet Tank 1504w,Blue Angel;
Printers and Multifunction Devices,HP LaserJet Tank 2502dw,Blue Angel;
Printers and Multifunction Devices,HP LaserJet Tank 2504dw,Blue Angel;
Printers and Multifunction Devices,HP LaserJet Tank MFP 1602w,Blue Angel;
Printers and Multifunction Devices,HP LaserJet Tank MFP 1604w,Blue Angel;
Printers and Multifunction Devices,HP LaserJet Tank MFP 2602dn,Blue Angel;
Printers and Multifunction Devices,HP LaserJet Tank MFP 2602sdn,Blue Angel;
Printers and Multifunction Devices,HP LaserJet Tank MFP 2602sdw,Blue Angel;
Printers and Multifunction Devices,HP LaserJet Tank MFP 2604dw,Blue Angel;
Printers and Multifunction Devices,HP LaserJet Tank MFP 2604sdw,Blue Angel;
Printers and Multifunction Devices,HP PageWide Enterprise Color Flow MFP 785zs,Blue Angel;
Printers and Multifunction Devices,HP PageWide Enterprise Color MFP 780dn,Blue Angel;
Printers and Multifunction Devices,HP PageWide Managed Color E75160dn,Blue Angel;
Printers and Multifunction Devices,HP PageWide Managed Color Flow MFP E77650z (2GP10A),Blue Angel;
Printers and Multifunction Devices,HP PageWide Managed Color Flow MFP E77650z (J7Z08A),Blue Angel;
Printers and Multifunction Devices,HP PageWide Managed Color Flow MFP E77660z (2GP11A),Blue Angel;
Printers and Multifunction Devices,HP PageWide Managed Color Flow MFP E77660z (J7Z03A),Blue Angel;
Printers and Multifunction Devices,HP PageWide Managed Color Flow MFP E77660zs (2GP14A),Blue Angel;
Printers and Multifunction Devices,HP PageWide Managed Color Flow MFP E77660zs (J7Z07A),Blue Angel;
Printers and Multifunction Devices,HP PageWide Managed Color MFP E77650dn (2GP04A),Blue Angel;
Printers and Multifunction Devices,HP PageWide Managed Color MFP E77650dn (J7Z13A),Blue Angel;
Printers and Multifunction Devices,HP PageWide Managed Color MFP E77660dn (2GP05A),Blue Angel;
Printers and Multifunction Devices,HP PageWide Managed Color MFP E77660dn (Z5G77A),Blue Angel;
Printers and Multifunction Devices,HP PageWide Managed Color MFP E77660dns (2GP08A),Blue Angel;
Printers and Multifunction Devices,HP PageWide Managed Color MFP E77660dns (2LF96A),Blue Angel;
Printers and Multifunction Devices,HP PageWide Managed Color MFP P77940dn,Blue Angel;
Printers and Multifunction Devices,HP PageWide Managed Color MFP P77940dns,Blue Angel;
Printers and Multifunction Devices,HP PageWide Managed Color P75250dn,Blue Angel;
Printers and Multifunction Devices,HP PageWide Pro 755dn,Blue Angel;
Printers and Multifunction Devices,HP PageWide Pro MFP 774dn,Blue Angel;
Printers and Multifunction Devices,IM C2000LT,Blue Angel;
Printers and Multifunction Devices,IM C3000LT,Blue Angel;
Printers and Multifunction Devices,IM C4500LT,Blue Angel;
Printers and Multifunction Devices,IM C5500ALT,Blue Angel;
Printers and Multifunction Devices,IM C6000LT,Blue Angel;
Printers and Multifunction Devices,Konica Minolta bizhub 300i,Blue Angel;
Printers and Multifunction Devices,Konica Minolta bizhub 360i,Blue Angel;
Printers and Multifunction Devices,Konica Minolta bizhub 4050i,Blue Angel;
Printers and Multifunction Devices,Konica Minolta bizhub 450i,Blue Angel;
Printers and Multifunction Devices,Konica Minolta bizhub 4700i,Blue Angel;
Printers and Multifunction Devices,Konica Minolta bizhub 4750i,Blue Angel;
Printers and Multifunction Devices,Konica Minolta bizhub 550i,Blue Angel;
Printers and Multifunction Devices,Konica Minolta bizhub 650i,Blue Angel;
Printers and Multifunction Devices,Konica Minolta bizhub 750i,Blue Angel;
Printers and Multifunction Devices,Konica Minolta bizhub C250i,Blue Angel;
Printers and Multifunction Devices,Konica Minolta bizhub C300i,Blue Angel;
Printers and Multifunction Devices,Konica Minolta bizhub C3300i,Blue Angel;
Printers and Multifunction Devices,Konica Minolta bizhub C3320i,Blue Angel;
Printers and Multifunction Devices,Konica Minolta bizhub C3350i,Blue Angel;
Printers and Multifunction Devices,Konica Minolta bizhub C360i,Blue Angel;
Printers and Multifunction Devices,Konica Minolta bizhub C4000i,Blue Angel;
Printers and Multifunction Devices,Konica Minolta bizhub C4050i,Blue Angel;
Printers and Multifunction Devices,Konica Minolta bizhub C450i,Blue Angel;
Printers and Multifunction Devices,Konica Minolta bizhub C550i,Blue Angel;
Printers and Multifunction Devices,Konica Minolta bizhub C650i,Blue Angel;
Printers and Multifunction Devices,Konica Minolta bizhub C750i,Blue Angel;
Printers and Multifunction Devices,Kyocera ECOSYS M2040dn from serial number VCF6Z21393,Blue Angel;
Printers and Multifunction Devices,Kyocera ECOSYS M2135dn from serial number VC67113904,Blue Angel;
Printers and Multifunction Devices,Kyocera ECOSYS M2540dn from serial number VCG6Z08902,Blue Angel;
Printers and Multifunction Devices,Kyocera ECOSYS M2635dn from serial number VC87111879,Blue Angel;
Printers and Multifunction Devices,Kyocera ECOSYS M2640idw from serial number VCN7303252,Blue Angel;
Printers and Multifunction Devices,Kyocera ECOSYS M2735dw from serial number VCC7101591,Blue Angel;
Printers and Multifunction Devices,Kyocera ECOSYS M3145dn,Blue Angel;
Printers and Multifunction Devices,Kyocera ECOSYS M3145idn,Blue Angel;
Printers and Multifunction Devices,Kyocera ECOSYS M3645dn,Blue Angel;
Printers and Multifunction Devices,Kyocera ECOSYS M3645idn,Blue Angel;
Printers and Multifunction Devices,Kyocera ECOSYS M3655idn,Blue Angel;
Printers and Multifunction Devices,Kyocera ECOSYS M3860idn,Blue Angel;
Printers and Multifunction Devices,Kyocera ECOSYS M3860idnf,Blue Angel;
Printers and Multifunction Devices,Kyocera ECOSYS M4125idn,Blue Angel;
Printers and Multifunction Devices,Kyocera ECOSYS M4132idn,Blue Angel;
Printers and Multifunction Devices,Kyocera ECOSYS M5526cdn,Blue Angel;
Printers and Multifunction Devices,Kyocera ECOSYS M5526cdw,Blue Angel;
Printers and Multifunction Devices,Kyocera ECOSYS M6230cidn,Blue Angel;
Printers and Multifunction Devices,Kyocera ECOSYS M6235cidn,Blue Angel;
Printers and Multifunction Devices,Kyocera ECOSYS M6630cidn,Blue Angel;
Printers and Multifunction Devices,Kyocera ECOSYS M6635cidn,Blue Angel;
Printers and Multifunction Devices,Kyocera ECOSYS M8124cidn,Blue Angel;
Printers and Multifunction Devices,Kyocera ECOSYS M8130cidn,Blue Angel;
Printers and Multifunction Devices,Kyocera ECOSYS MA2100cfx,Blue Angel;
Printers and Multifunction Devices,Kyocera ECOSYS MA2100cwfx,Blue Angel;
Printers and Multifunction Devices,Kyocera ECOSYS P2040dn from serial number VCY6Z32849,Blue Angel;
Printers and Multifunction Devices,Kyocera ECOSYS P2040dw from serial number VD36Z02944,Blue Angel;
Printers and Multifunction Devices,Kyocera ECOSYS P2235dn from serial number VCT7105909,Blue Angel;
Printers and Multifunction Devices,Kyocera ECOSYS P2235dw from serial number VCV7103712,Blue Angel;
Printers and Multifunction Devices,Kyocera ECOSYS P3145dn,Blue Angel;
Printers and Multifunction Devices,Kyocera ECOSYS P3150dn,Blue Angel;
Printers and Multifunction Devices,Kyocera ECOSYS P3155dn,Blue Angel;
Printers and Multifunction Devices,Kyocera ECOSYS P3260dn,Blue Angel;
Printers and Multifunction Devices,Kyocera ECOSYS P4060dn,Blue Angel;
Printers and Multifunction Devices,Kyocera ECOSYS P4140dn,Blue Angel;
Printers and Multifunction Devices,Kyocera ECOSYS P5026cdn,Blue Angel;
Printers and Multifunction Devices,Kyocera ECOSYS P5026cdw,Blue Angel;
Printers and Multifunction Devices,Kyocera ECOSYS P6230cdn,Blue Angel;
Printers and Multifunction Devices,Kyocera ECOSYS P6235cdn,Blue Angel;
Printers and Multifunction Devices,Kyocera ECOSYS P7240cdn,Blue Angel;
Printers and Multifunction Devices,Kyocera ECOSYS P8060cdn,Blue Angel;
Printers and Multifunction Devices,Kyocera ECOSYS PA2100cwx,Blue Angel;
Printers and Multifunction Devices,Kyocera ECOSYS PA2100cx,Blue Angel;
Printers and Multifunction Devices,Kyocera TASKalfa 2554ci,Blue Angel;
Printers and Multifunction Devices,Kyocera TASKalfa 308ci,Blue Angel;
Printers and Multifunction Devices,Kyocera TASKalfa 3212i,Blue Angel;
Printers and Multifunction Devices,Kyocera TASKalfa 352ci,Blue Angel;
Printers and Multifunction Devices,Kyocera TASKalfa 3554ci,Blue Angel;
Printers and Multifunction Devices,Kyocera TASKalfa 358ci,Blue Angel;
Printers and Multifunction Devices,Kyocera TASKalfa 4012i,Blue Angel;
Printers and Multifunction Devices,Kyocera TASKalfa 4054ci,Blue Angel;
Printers and Multifunction Devices,Kyocera TASKalfa 408ci,Blue Angel;
Printers and Multifunction Devices,Kyocera TASKalfa 5004i,Blue Angel;
Printers and Multifunction Devices,Kyocera TASKalfa 5054ci,Blue Angel;
Printers and Multifunction Devices,Kyocera TASKalfa 508ci,Blue Angel;
Printers and Multifunction Devices,Kyocera TASKalfa 6004i,Blue Angel;
Printers and Multifunction Devices,Kyocera TASKalfa 6054ci,Blue Angel;
Printers and Multifunction Devices,Kyocera TASKalfa 7003i,Blue Angel;
Printers and Multifunction Devices,Kyocera TASKalfa 7004i,Blue Angel;
Printers and Multifunction Devices,Kyocera TASKalfa 7054ci,Blue Angel;
Printers and Multifunction Devices,Kyocera TASKalfa 7353ci,Blue Angel;
Printers and Multifunction Devices,Kyocera TASKalfa 8003i,Blue Angel;
Printers and Multifunction Devices,Kyocera TASKalfa 8353ci,Blue Angel;
Printers and Multifunction Devices,Kyocera TASKalfa MZ3200i,Blue Angel;
Printers and Multifunction Devices,Kyocera TASKalfa MZ4000i,Blue Angel;
Printers and Multifunction Devices,Lexmark B3340dw,Blue Angel;
Printers and Multifunction Devices,Lexmark B3442dw,Blue Angel;
Printers and Multifunction Devices,Lexmark C2326,Blue Angel;
Printers and Multifunction Devices,Lexmark C3224dw,Blue Angel;
Printers and Multifunction Devices,Lexmark C3326dw,Blue Angel;
Printers and Multifunction Devices,Lexmark C3426dw,Blue Angel;
Printers and Multifunction Devices,Lexmark C4150,Blue Angel;
Printers and Multifunction Devices,Lexmark C4342,Blue Angel;
Printers and Multifunction Devices,Lexmark C4352,Blue Angel;
Printers and Multifunction Devices,Lexmark C6160,Blue Angel;
Printers and Multifunction Devices,Lexmark CS331dw,Blue Angel;
Printers and Multifunction Devices,Lexmark CS431dw,Blue Angel;
Printers and Multifunction Devices,Lexmark CS521dn,Blue Angel;
Printers and Multifunction Devices,Lexmark CS622de,Blue Angel;
Printers and Multifunction Devices,Lexmark CS720de,Blue Angel;
Printers and Multifunction Devices,Lexmark CS720dte,Blue Angel;
Printers and Multifunction Devices,Lexmark CS725de,Blue Angel;
Printers and Multifunction Devices,Lexmark CS725dte,Blue Angel;
Printers and Multifunction Devices,Lexmark CS730de,Blue Angel;
Printers and Multifunction Devices,Lexmark CS735de,Blue Angel;
Printers and Multifunction Devices,Lexmark CS820de,Blue Angel;
Printers and Multifunction Devices,Lexmark CS820dte,Blue Angel;
Printers and Multifunction Devices,Lexmark CS820dtfe,Blue Angel;
Printers and Multifunction Devices,Lexmark CS921de,Blue Angel;
Printers and Multifunction Devices,Lexmark CX331adwe,Blue Angel;
Printers and Multifunction Devices,Lexmark CX431adw,Blue Angel;
Printers and Multifunction Devices,Lexmark CX522ade,Blue Angel;
Printers and Multifunction Devices,Lexmark CX622ade,Blue Angel;
Printers and Multifunction Devices,Lexmark CX625ade,Blue Angel;
Printers and Multifunction Devices,Lexmark CX625adhe,Blue Angel;
Printers and Multifunction Devices,Lexmark CX725de,Blue Angel;
Printers and Multifunction Devices,Lexmark CX725dhe,Blue Angel;
Printers and Multifunction Devices,Lexmark CX725dthe,Blue Angel;
Printers and Multifunction Devices,Lexmark CX730de,Blue Angel;
Printers and Multifunction Devices,Lexmark CX735adse,Blue Angel;
Printers and Multifunction Devices,Lexmark CX820de,Blue Angel;
Printers and Multifunction Devices,Lexmark CX820dtfe,Blue Angel;
Printers and Multifunction Devices,Lexmark CX825de,Blue Angel;
Printers and Multifunction Devices,Lexmark CX825dte,Blue Angel;
Printers and Multifunction Devices,Lexmark CX825dtfe,Blue Angel;
Printers and Multifunction Devices,Lexmark CX860de,Blue Angel;
Printers and Multifunction Devices,Lexmark CX860dte,Blue Angel;
Printers and Multifunction Devices,Lexmark CX860dtfe,Blue Angel;
Printers and Multifunction Devices,Lexmark CX921de,Blue Angel;
Printers and Multifunction Devices,Lexmark CX924dte,Blue Angel;
Printers and Multifunction Devices,Lexmark CX924dxe,Blue Angel;
Printers and Multifunction Devices,Lexmark M1246,Blue Angel;
Printers and Multifunction Devices,Lexmark M1342,Blue Angel;
Printers and Multifunction Devices,Lexmark M3250,Blue Angel;
Printers and Multifunction Devices,Lexmark M5255,Blue Angel;
Printers and Multifunction Devices,Lexmark M5270,Blue Angel;
Printers and Multifunction Devices,Lexmark MB3442i,Blue Angel;
Printers and Multifunction Devices,Lexmark MC3224dwe,Blue Angel;
Printers and Multifunction Devices,Lexmark MC3224i,Blue Angel;
Printers and Multifunction Devices,Lexmark MC3326i,Blue Angel;
Printers and Multifunction Devices,Lexmark MC3426i,Blue Angel;
Printers and Multifunction Devices,Lexmark MS331dn,Blue Angel;
Printers and Multifunction Devices,Lexmark MS431dn,Blue Angel;
Printers and Multifunction Devices,Lexmark MS431dw,Blue Angel;
Printers and Multifunction Devices,Lexmark MS521dn,Blue Angel;
Printers and Multifunction Devices,Lexmark MS621dn,Blue Angel;
Printers and Multifunction Devices,Lexmark MS622de,Blue Angel;
Printers and Multifunction Devices,Lexmark MS821dn,Blue Angel;
Printers and Multifunction Devices,Lexmark MS822de,Blue Angel;
Printers and Multifunction Devices,Lexmark MS823dn,Blue Angel;
Printers and Multifunction Devices,Lexmark MS825dn,Blue Angel;
Printers and Multifunction Devices,Lexmark MS826de,Blue Angel;
Printers and Multifunction Devices,Lexmark MX331adn,Blue Angel;
Printers and Multifunction Devices,Lexmark MX431adn,Blue Angel;
Printers and Multifunction Devices,Lexmark MX431adw,Blue Angel;
Printers and Multifunction Devices,Lexmark MX521ade,Blue Angel;
Printers and Multifunction Devices,Lexmark MX521de,Blue Angel;
Printers and Multifunction Devices,Lexmark MX522adhe,Blue Angel;
Printers and Multifunction Devices,Lexmark MX622ade,Blue Angel;
Printers and Multifunction Devices,Lexmark MX622adhe,Blue Angel;
Printers and Multifunction Devices,Lexmark MX721ade,Blue Angel;
Printers and Multifunction Devices,Lexmark MX721adhe,Blue Angel;
Printers and Multifunction Devices,Lexmark MX722ade,Blue Angel;
Printers and Multifunction Devices,Lexmark MX722adhe,Blue Angel;
Printers and Multifunction Devices,Lexmark MX822ade,Blue Angel;
Printers and Multifunction Devices,Lexmark MX822adxe,Blue Angel;
Printers and Multifunction Devices,Lexmark MX826ade,Blue Angel;
Printers and Multifunction Devices,Lexmark MX826adxe,Blue Angel;
Printers and Multifunction Devices,Lexmark XC2326,Blue Angel;
Printers and Multifunction Devices,Lexmark XC4140,Blue Angel;
Printers and Multifunction Devices,Lexmark XC4150,Blue Angel;
Printers and Multifunction Devices,Lexmark XC4240,Blue Angel;
Printers and Multifunction Devices,Lexmark XC4342,Blue Angel;
Printers and Multifunction Devices,Lexmark XC4352,Blue Angel;
Printers and Multifunction Devices,Lexmark XC6152de,Blue Angel;
Printers and Multifunction Devices,Lexmark XC6152dtfe,Blue Angel;
Printers and Multifunction Devices,Lexmark XC8160de,Blue Angel;
Printers and Multifunction Devices,Lexmark XC8160dte,Blue Angel;
Printers and Multifunction Devices,Lexmark XC9235,Blue Angel;
Printers and Multifunction Devices,Lexmark XC9265,Blue Angel;
Printers and Multifunction Devices,Lexmark XM1246,Blue Angel;
Printers and Multifunction Devices,Lexmark XM3250,Blue Angel;
Printers and Multifunction Devices,Lexmark XM5365,Blue Angel;
Printers and Multifunction Devices,Lexmark XM5370,Blue Angel;
Printers and Multifunction Devices,Lexmark XM7355,Blue Angel;
Printers and Multifunction Devices,Lexmark XM7370,Blue Angel;
Printers and Multifunction Devices,Ricoh IM 2500,Blue Angel;
Printers and Multifunction Devices,Ricoh IM 2500A,Blue Angel;
Printers and Multifunction Devices,Ricoh IM 2702,Blue Angel;
Printers and Multifunction Devices,Ricoh IM 3000,Blue Angel;
Printers and Multifunction Devices,Ricoh IM 3000A,Blue Angel;
Printers and Multifunction Devices,Ricoh IM 350,Blue Angel;
Printers and Multifunction Devices,Ricoh IM 3500,Blue Angel;
Printers and Multifunction Devices,Ricoh IM 3500A,Blue Angel;
Printers and Multifunction Devices,Ricoh IM 350F,Blue Angel;
Printers and Multifunction Devices,Ricoh IM 4000A,Blue Angel;
Printers and Multifunction Devices,Ricoh IM 430F,Blue Angel;
Printers and Multifunction Devices,Ricoh IM 5000A,Blue Angel;
Printers and Multifunction Devices,Ricoh IM 6000,Blue Angel;
Printers and Multifunction Devices,Ricoh IM 7000,Blue Angel;
Printers and Multifunction Devices,Ricoh IM 8000,Blue Angel;
Printers and Multifunction Devices,Ricoh IM 9000,Blue Angel;
Printers and Multifunction Devices,Ricoh IM C2000,Blue Angel;
Printers and Multifunction Devices,Ricoh IM C2000A,Blue Angel;
Printers and Multifunction Devices,Ricoh IM C2500,Blue Angel;
Printers and Multifunction Devices,Ricoh IM C2500A,Blue Angel;
Printers and Multifunction Devices,Ricoh IM C300,Blue Angel;
Printers and Multifunction Devices,Ricoh IM C3000,Blue Angel;
Printers and Multifunction Devices,Ricoh IM C3000A,Blue Angel;
Printers and Multifunction Devices,Ricoh IM C300F,Blue Angel;
Printers and Multifunction Devices,Ricoh IM C3500,Blue Angel;
Printers and Multifunction Devices,Ricoh IM C3500A,Blue Angel;
Printers and Multifunction Devices,Ricoh IM C400F,Blue Angel;
Printers and Multifunction Devices,Ricoh IM C400SRF,Blue Angel;
Printers and Multifunction Devices,Ricoh IM C4500,Blue Angel;
Printers and Multifunction Devices,Ricoh IM C4500A,Blue Angel;
Printers and Multifunction Devices,Ricoh IM C5500,Blue Angel;
Printers and Multifunction Devices,Ricoh IM C5500A,Blue Angel;
Printers and Multifunction Devices,Ricoh IM C6000,Blue Angel;
Printers and Multifunction Devices,Ricoh IM C6500,Blue Angel;
Printers and Multifunction Devices,Ricoh IM C8000,Blue Angel;
Printers and Multifunction Devices,Ricoh M 320,Blue Angel;
Printers and Multifunction Devices,Ricoh M 320F,Blue Angel;
Printers and Multifunction Devices,Ricoh M 320FB,Blue Angel;
Printers and Multifunction Devices,Ricoh M C240FW,Blue Angel;
Printers and Multifunction Devices,Ricoh MP 305+ SP,Blue Angel;
Printers and Multifunction Devices,Ricoh MP 305+ SPF,Blue Angel;
Printers and Multifunction Devices,Ricoh P 310,Blue Angel;
Printers and Multifunction Devices,Ricoh P 311,Blue Angel;
Printers and Multifunction Devices,Ricoh P 501,Blue Angel;
Printers and Multifunction Devices,Ricoh P 502,Blue Angel;
Printers and Multifunction Devices,Ricoh P C200W,Blue Angel;
Printers and Multifunction Devices,Ricoh P C600,Blue Angel;
Printers and Multifunction Devices,Ricoh Pro C5300S,Blue Angel;
Printers and Multifunction Devices,Ricoh Pro C5300SL,Blue Angel;
Printers and Multifunction Devices,Ricoh Pro C5310S,Blue Angel;
Printers and Multifunction Devices,Ricoh SG 3210DNw,Blue Angel;
Printers and Multifunction Devices,Ricoh SP 230DNw,Blue Angel;
Printers and Multifunction Devices,Ricoh SP 230SFNw,Blue Angel;
Printers and Multifunction Devices,Ricoh SP 330DN,Blue Angel;
Printers and Multifunction Devices,Ricoh SP 330SFN,Blue Angel;
Printers and Multifunction Devices,Ricoh SP 330SN,Blue Angel;
Printers and Multifunction Devices,Ricoh SP 3710DN,Blue Angel;
Printers and Multifunction Devices,Ricoh SP 3710SF,Blue Angel;
Printers and Multifunction Devices,Ricoh SP 6430DN,Blue Angel;
Printers and Multifunction Devices,Ricoh SP 8400DN valid from Firmware V. 1.25 and S/N Y877RA10001,Blue Angel;
Printers and Multifunction Devices,Ricoh SP C352DN,Blue Angel;
Printers and Multifunction Devices,Ricoh SP C360DNw,Blue Angel;
Printers and Multifunction Devices,Ricoh SP C360SFNw,Blue Angel;
Printers and Multifunction Devices,Ricoh SP C360SNw,Blue Angel;
Printers and Multifunction Devices,Ricoh SP C361SFNw,Blue Angel;
Printers and Multifunction Devices,Ricoh SP C840DN,Blue Angel;
Printers and Multifunction Devices,Ricoh SP C842DN,Blue Angel;
Printers and Multifunction Devices,Sharp BP-20M22,Blue Angel;
Printers and Multifunction Devices,Sharp BP-20M24,Blue Angel;
Printers and Multifunction Devices,Sharp BP-20M31,Blue Angel;
Printers and Multifunction Devices,Sharp BP-30C25,Blue Angel;
Printers and Multifunction Devices,Sharp BP-30M28,Blue Angel;
Printers and Multifunction Devices,Sharp BP-30M31,Blue Angel;
Printers and Multifunction Devices,Sharp BP-30M35,Blue Angel;
Printers and Multifunction Devices,Sharp BP-50C26,Blue Angel;
Printers and Multifunction Devices,Sharp BP-50C31,Blue Angel;
Printers and Multifunction Devices,Sharp BP-50C36,Blue Angel;
Printers and Multifunction Devices,Sharp BP-50C45,Blue Angel;
Printers and Multifunction Devices,Sharp BP-50C55,Blue Angel;
Printers and Multifunction Devices,Sharp BP-50C65,Blue Angel;
Printers and Multifunction Devices,Sharp BP-55C26,Blue Angel;
Printers and Multifunction Devices,Sharp BP-60C31,Blue Angel;
Printers and Multifunction Devices,Sharp BP-60C36,Blue Angel;
Printers and Multifunction Devices,Sharp BP-60C45,Blue Angel;
Printers and Multifunction Devices,Sharp BP-70C31,Blue Angel;
Printers and Multifunction Devices,Sharp BP-70C36,Blue Angel;
Printers and Multifunction Devices,Sharp BP-70C45,Blue Angel;
Printers and Multifunction Devices,Sharp BP-70C55,Blue Angel;
Printers and Multifunction Devices,Sharp BP-70C65,Blue Angel;
Printers and Multifunction Devices,Sharp MX-2651,Blue Angel;
Printers and Multifunction Devices,Sharp MX-3051,Blue Angel;
Printers and Multifunction Devices,Sharp MX-3061,Blue Angel;
Printers and Multifunction Devices,Sharp MX-3061S,Blue Angel;
Printers and Multifunction Devices,Sharp MX-3071,Blue Angel;
Printers and Multifunction Devices,Sharp MX-3071S,Blue Angel;
Printers and Multifunction Devices,Sharp MX-3551,Blue Angel;
Printers and Multifunction Devices,Sharp MX-3561,Blue Angel;
Printers and Multifunction Devices,Sharp MX-3561S,Blue Angel;
Printers and Multifunction Devices,Sharp MX-3571,Blue Angel;
Printers and Multifunction Devices,Sharp MX-3571S,Blue Angel;
Printers and Multifunction Devices,Sharp MX-4051,Blue Angel;
Printers and Multifunction Devices,Sharp MX-4061,Blue Angel;
Printers and Multifunction Devices,Sharp MX-4061S,Blue Angel;
Printers and Multifunction Devices,Sharp MX-4071,Blue Angel;
Printers and Multifunction Devices,Sharp MX-4071S,Blue Angel;
Printers and Multifunction Devices,Sharp MX-5051,Blue Angel;
Printers and Multifunction Devices,Sharp MX-5071,Blue Angel;
Printers and Multifunction Devices,Sharp MX-5071S,Blue Angel;
Printers and Multifunction Devices,Sharp MX-6051,Blue Angel;
Printers and Multifunction Devices,Sharp MX-6071,Blue Angel;
Printers and Multifunction Devices,Sharp MX-6071S,Blue Angel;
Printers and Multifunction Devices,Sharp MX-7081,Blue Angel;
Printers and Multifunction Devices,Sharp MX-8081,Blue Angel;
Printers and Multifunction Devices,Sharp MX-B356W,Blue Angel;
Printers and Multifunction Devices,Sharp MX-B356WH,Blue Angel;
Printers and Multifunction Devices,Sharp MX-B427PW,Blue Angel;
Printers and Multifunction Devices,Sharp MX-B427W,Blue Angel;
Printers and Multifunction Devices,Sharp MX-B456W,Blue Angel;
Printers and Multifunction Devices,Sharp MX-B456WH,Blue Angel;
Printers and Multifunction Devices,Sharp MX-B467F,Blue Angel;
Printers and Multifunction Devices,Sharp MX-B467P,Blue Angel;
Printers and Multifunction Devices,Sharp MX-B557F,Blue Angel;
Printers and Multifunction Devices,Sharp MX-B557P,Blue Angel;
Printers and Multifunction Devices,Sharp MX-B707F,Blue Angel;
Printers and Multifunction Devices,Sharp MX-B707P,Blue Angel;
Printers and Multifunction Devices,Sharp MX-C357F,Blue Angel;
Printers and Multifunction Devices,Sharp MX-C407F,Blue Angel;
Printers and Multifunction Devices,Sharp MX-C407P,Blue Angel;
Printers and Multifunction Devices,Sharp MX-C507F,Blue Angel;
Printers and Multifunction Devices,Sharp MX-C507P,Blue Angel;
Printers and Multifunction Devices,Sharp MX-C557F,Blue Angel;
Printers and Multifunction Devices,Sharp MX-C607F,Blue Angel;
Printers and Multifunction Devices,Sharp MX-C607P,Blue Angel;
Printers and Multifunction Devices,Sharp MX-M2651,Blue Angel;
Printers and Multifunction Devices,Sharp MX-M3051,Blue Angel;
Printers and Multifunction Devices,Sharp MX-M3071,Blue Angel;
Printers and Multifunction Devices,Sharp MX-M3071S,Blue Angel;
Printers and Multifunction Devices,Sharp MX-M3551,Blue Angel;
Printers and Multifunction Devices,Sharp MX-M3571,Blue Angel;
Printers and Multifunction Devices,Sharp MX-M3571S,Blue Angel;
Printers and Multifunction Devices,Sharp MX-M4051,Blue Angel;
Printers and Multifunction Devices,Sharp MX-M4071,Blue Angel;
Printers and Multifunction Devices,Sharp MX-M4071S,Blue Angel;
Printers and Multifunction Devices,Sharp MX-M5051,Blue Angel;
Printers and Multifunction Devices,Sharp MX-M5071,Blue Angel;
Printers and Multifunction Devices,Sharp MX-M5071S,Blue Angel;
Printers and Multifunction Devices,Sharp MX-M6051,Blue Angel;
Printers and Multifunction Devices,Sharp MX-M6071,Blue Angel;
Printers and Multifunction Devices,Sharp MX-M6071S,Blue Angel;
Printers and Multifunction Devices,TA Triumph-Adler P-4025w MFP (from serial number VNT7201529),Blue Angel;
Printers and Multifunction Devices,TA Triumph-Adler 2508ci,Blue Angel;
Printers and Multifunction Devices,TA Triumph-Adler 302ci,Blue Angel;
Printers and Multifunction Devices,TA Triumph-Adler 3262i,Blue Angel;
Printers and Multifunction Devices,TA Triumph-Adler 3263i,Blue Angel;
Printers and Multifunction Devices,TA Triumph-Adler 3508ci,Blue Angel;
Printers and Multifunction Devices,TA Triumph-Adler 352ci,Blue Angel;
Printers and Multifunction Devices,TA Triumph-Adler 357ci,Blue Angel;
Printers and Multifunction Devices,TA Triumph-Adler 4008ci,Blue Angel;
Printers and Multifunction Devices,TA Triumph-Adler 402ci,Blue Angel;
Printers and Multifunction Devices,TA Triumph-Adler 4062i,Blue Angel;
Printers and Multifunction Devices,TA Triumph-Adler 4063i,Blue Angel;
Printers and Multifunction Devices,TA Triumph-Adler 5008ci,Blue Angel;
Printers and Multifunction Devices,TA Triumph-Adler 502ci,Blue Angel;
Printers and Multifunction Devices,TA Triumph-Adler 5058i,Blue Angel;
Printers and Multifunction Devices,TA Triumph-Adler 6008ci,Blue Angel;
Printers and Multifunction Devices,TA Triumph-Adler 6058i,Blue Angel;
Printers and Multifunction Devices,TA Triumph-Adler 7008ci,Blue Angel;
Printers and Multifunction Devices,TA Triumph-Adler 7058i,Blue Angel;
Printers and Multifunction Devices,TA Triumph-Adler 8057i,Blue Angel;
Printers and Multifunction Devices,TA Triumph-Adler 8307ci,Blue Angel;
Printers and Multifunction Devices,TA Triumph-Adler P-2540iMFP,Blue Angel;
Printers and Multifunction Devices,TA Triumph-Adler P-3521 MFP (from serial number VNW7100321),Blue Angel;
Printers and Multifunction Devices,TA Triumph-Adler P-3522DW (from serial number VNZ7100107),Blue Angel;
Printers and Multifunction Devices,TA Triumph-Adler P-3527w MFP (from serial number VNX7100267),Blue Angel;
Printers and Multifunction Devices,TA Triumph-Adler P-4020 MFP (from serial number VNY7100352),Blue Angel;
Printers and Multifunction Devices,TA Triumph-Adler P-4020DN (from serial number VP17102094),Blue Angel;
Printers and Multifunction Devices,TA Triumph-Adler P-4020DW (from serial number VP27101409),Blue Angel;
Printers and Multifunction Devices,TA Triumph-Adler P-4026iw MFP (from serial number VNU7100832),Blue Angel;
Printers and Multifunction Devices,TA Triumph-Adler P-4531 MFP,Blue Angel;
Printers and Multifunction Devices,TA Triumph-Adler P-4531i MFP,Blue Angel;
Printers and Multifunction Devices,TA Triumph-Adler P-4532DN,Blue Angel;
Printers and Multifunction Devices,TA Triumph-Adler P-4536 MFP,Blue Angel;
Printers and Multifunction Devices,TA Triumph-Adler P-4536i MFP,Blue Angel;
Printers and Multifunction Devices,TA Triumph-Adler P-5032DN,Blue Angel;
Printers and Multifunction Devices,TA Triumph-Adler P-5532DN,Blue Angel;
Printers and Multifunction Devices,TA Triumph-Adler P-5536i MFP,Blue Angel;
Printers and Multifunction Devices,TA Triumph-Adler P-6033DN,Blue Angel;
Printers and Multifunction Devices,TA Triumph-Adler P-6036i MFP,Blue Angel;
Printers and Multifunction Devices,TA Triumph-Adler P-6038i MFP,Blue Angel;
Printers and Multifunction Devices,TA Triumph-Adler P-6038if MFP,Blue Angel;
Printers and Multifunction Devices,TA Triumph-Adler P-6040DN,Blue Angel;
Printers and Multifunction Devices,TA Triumph-Adler P-C2156w MFP,Blue Angel;
Printers and Multifunction Devices,TA Triumph-Adler P-C2480i MFP,Blue Angel;
Printers and Multifunction Devices,TA Triumph-Adler P-C2650DW,Blue Angel;
Printers and Multifunction Devices,TA Triumph-Adler P-C2655w MFP,Blue Angel;
Printers and Multifunction Devices,TA Triumph-Adler P-C3062DN,Blue Angel;
Printers and Multifunction Devices,TA Triumph-Adler P-C3062iMFP,Blue Angel;
Printers and Multifunction Devices,TA Triumph-Adler P-C3066iMFP,Blue Angel;
Printers and Multifunction Devices,TA Triumph-Adler P-C3562DN,Blue Angel;
Printers and Multifunction Devices,TA Triumph-Adler P-C3562iMFP,Blue Angel;
Printers and Multifunction Devices,TA Triumph-Adler P-C3566iMFP,Blue Angel;
Printers and Multifunction Devices,TA Triumph-Adler P-C4072DN,Blue Angel;
Printers and Multifunction Devices,Toshiba e-STUDIO2010AC,Blue Angel;
Printers and Multifunction Devices,Toshiba e-STUDIO2510AC,Blue Angel;
Printers and Multifunction Devices,Toshiba e-STUDIO2515AC,Blue Angel;
Printers and Multifunction Devices,Toshiba e-STUDIO3015AC,Blue Angel;
Printers and Multifunction Devices,Toshiba e-STUDIO330AC,Blue Angel;
Printers and Multifunction Devices,Toshiba e-STUDIO3515AC,Blue Angel;
Printers and Multifunction Devices,Toshiba e-STUDIO400AC,Blue Angel;
Printers and Multifunction Devices,Toshiba e-STUDIO4515AC,Blue Angel;
Printers and Multifunction Devices,Toshiba e-STUDIO5015AC,Blue Angel;
Printers and Multifunction Devices,Toshiba e-STUDIO5516AC,Blue Angel;
Printers and Multifunction Devices,Toshiba e-STUDIO5518A,Blue Angel;
Printers and Multifunction Devices,Toshiba e-STUDIO6516AC,Blue Angel;
Printers and Multifunction Devices,Toshiba e-STUDIO6518A,Blue Angel;
Printers and Multifunction Devices,Toshiba e-STUDIO7516AC,Blue Angel;
Printers and Multifunction Devices,Toshiba e-STUDIO7518A,Blue Angel;
Printers and Multifunction Devices,Toshiba e-STUDIO8518A,Blue Angel;
Printers and Multifunction Devices,UTAX P-4025w MFP (from serial number VNT7201529),Blue Angel;
Printers and Multifunction Devices,UTAX 2508ci,Blue Angel;
Printers and Multifunction Devices,UTAX 302ci,Blue Angel;
Printers and Multifunction Devices,UTAX 3262i,Blue Angel;
Printers and Multifunction Devices,UTAX 3263i,Blue Angel;
Printers and Multifunction Devices,UTAX 3508ci,Blue Angel;
Printers and Multifunction Devices,UTAX 352ci,Blue Angel;
Printers and Multifunction Devices,UTAX 357ci,Blue Angel;
Printers and Multifunction Devices,UTAX 4008ci,Blue Angel;
Printers and Multifunction Devices,UTAX 402ci,Blue Angel;
Printers and Multifunction Devices,UTAX 4062i,Blue Angel;
Printers and Multifunction Devices,UTAX 4063i,Blue Angel;
Printers and Multifunction Devices,UTAX 5008ci,Blue Angel;
Printers and Multifunction Devices,UTAX 502ci,Blue Angel;
Printers and Multifunction Devices,UTAX 5058i,Blue Angel;
Printers and Multifunction Devices,UTAX 6008ci,Blue Angel;
Printers and Multifunction Devices,UTAX 6058i,Blue Angel;
Printers and Multifunction Devices,UTAX 7008ci,Blue Angel;
Printers and Multifunction Devices,UTAX 7058i,Blue Angel;
Printers and Multifunction Devices,UTAX 8057i,Blue Angel;
Printers and Multifunction Devices,UTAX 8307ci,Blue Angel;
Printers and Multifunction Devices,UTAX P-2540iMFP,Blue Angel;
Printers and Multifunction Devices,UTAX P-3521 MFP (from serial number VNW7100321),Blue Angel;
Printers and Multifunction Devices,UTAX P-3522DW (from serial number VNZ7100107),Blue Angel;
Printers and Multifunction Devices,UTAX P-3527W MFP (from serial number VNX7100267),Blue Angel;
Printers and Multifunction Devices,UTAX P-4020 MFP (from serial number VNY7100352),Blue Angel;
Printers and Multifunction Devices,UTAX P-4020DN (from serial number VP17102094),Blue Angel;
Printers and Multifunction Devices,UTAX P-4020DW (from serial number VP27101409),Blue Angel;
Printers and Multifunction Devices,UTAX P-4026iw MFP (from serial number VNU7100832),Blue Angel;
Printers and Multifunction Devices,UTAX P-4531 MFP,Blue Angel;
Printers and Multifunction Devices,UTAX P-4531i MFP,Blue Angel;
Printers and Multifunction Devices,UTAX P-4532DN,Blue Angel;
Printers and Multifunction Devices,UTAX P-4536 MFP,Blue Angel;
Printers and Multifunction Devices,UTAX P-4536i MFP,Blue Angel;
Printers and Multifunction Devices,UTAX P-5032DN,Blue Angel;
Printers and Multifunction Devices,UTAX P-5532DN,Blue Angel;
Printers and Multifunction Devices,UTAX P-5536i MFP,Blue Angel;
Printers and Multifunction Devices,UTAX P-6033DN,Blue Angel;
Printers and Multifunction Devices,UTAX P-6036i MFP,Blue Angel;
Printers and Multifunction Devices,UTAX P-6038i MFP,Blue Angel;
Printers and Multifunction Devices,UTAX P-6038if MFP,Blue Angel;
Printers and Multifunction Devices,UTAX P-6040DN,Blue Angel;
Printers and Multifunction Devices,UTAX P-C2156w MFP,Blue Angel;
Printers and Multifunction Devices,UTAX P-C2480i MFP,Blue Angel;
Printers and Multifunction Devices,UTAX P-C2650DW,Blue Angel;
Printers and Multifunction Devices,UTAX P-C2655w MFP,Blue Angel;
Printers and Multifunction Devices,UTAX P-C3062DN,Blue Angel;
Printers and Multifunction Devices,UTAX P-C3062iMFP,Blue Angel;
Printers and Multifunction Devices,UTAX P-C3066iMFP,Blue Angel;
Printers and Multifunction Devices,UTAX P-C3562DN,Blue Angel;
Printers and Multifunction Devices,UTAX P-C3562iMFP,Blue Angel;
Printers and Multifunction Devices,UTAX P-C3566iMFP,Blue Angel;
Printers and Multifunction Devices,UTAX P-C4072DN,Blue Angel;
Printers and Multifunction Devices,Xerox AltaLink B8145,Blue Angel;
Printers and Multifunction Devices,Xerox AltaLink B8155,Blue Angel;
Printers and Multifunction Devices,Xerox AltaLink B8170,Blue Angel;
Printers and Multifunction Devices,Xerox AltaLink C8130,Blue Angel;
Printers and Multifunction Devices,Xerox AltaLink C8135,Blue Angel;
Printers and Multifunction Devices,Xerox AltaLink C8145,Blue Angel;
Printers and Multifunction Devices,Xerox AltaLink C8155,Blue Angel;
Printers and Multifunction Devices,Xerox AltaLink C8170,Blue Angel;
Printers and Multifunction Devices,Xerox B305,Blue Angel;
Printers and Multifunction Devices,Xerox B310,Blue Angel;
Printers and Multifunction Devices,Xerox B315,Blue Angel;
Printers and Multifunction Devices,Xerox C230,Blue Angel;
Printers and Multifunction Devices,Xerox C235,Blue Angel;
Printers and Multifunction Devices,Xerox C310,Blue Angel;
Printers and Multifunction Devices,Xerox C315,Blue Angel;
Printers and Multifunction Devices,Xerox PrimeLink C9065,Blue Angel;
Printers and Multifunction Devices,Xerox PrimeLink C9070,Blue Angel;
Printers and Multifunction Devices,Xerox VersaLink B400,Blue Angel;
Printers and Multifunction Devices,Xerox VersaLink B405,Blue Angel;
Printers and Multifunction Devices,Xerox VersaLink B600 Printer V_DN,Blue Angel;
Printers and Multifunction Devices,Xerox VersaLink B605 Multifunction Printer V_S,Blue Angel;
Printers and Multifunction Devices,Xerox VersaLink B605 Multifunction printer V_X,Blue Angel;
Printers and Multifunction Devices,Xerox VersaLink B605 Multifunction printer V_XL,Blue Angel;
Printers and Multifunction Devices,Xerox VersaLink B610 Printer V_DN,Blue Angel;
Printers and Multifunction Devices,Xerox VersaLink B615 Multifunction printer V_X,Blue Angel;
Printers and Multifunction Devices,Xerox VersaLink B615 Multifunction Printer V_XL,Blue Angel;
Printers and Multifunction Devices,Xerox VersaLink B7025,Blue Angel;
Printers and Multifunction Devices,Xerox VersaLink B7030,Blue Angel;
Printers and Multifunction Devices,Xerox VersaLink B7035,Blue Angel;
Printers and Multifunction Devices,Xerox VersaLink B7125,Blue Angel;
Printers and Multifunction Devices,Xerox VersaLink B7130,Blue Angel;
Printers and Multifunction Devices,Xerox VersaLink B7135,Blue Angel;
Printers and Multifunction Devices,Xerox VersaLink C400,Blue Angel;
Printers and Multifunction Devices,Xerox VersaLink C405,Blue Angel;
Printers and Multifunction Devices,Xerox VersaLink C500,Blue Angel;
Printers and Multifunction Devices,Xerox VersaLink C505 VS,Blue Angel;
Printers and Multifunction Devices,Xerox VersaLink C505 VX,Blue Angel;
Printers and Multifunction Devices,Xerox VersaLink C600,Blue Angel;
Printers and Multifunction Devices,Xerox VersaLink C605 VX,Blue Angel;
Printers and Multifunction Devices,Xerox VersaLink C605 VXL,Blue Angel;
Printers and Multifunction Devices,Xerox VersaLink C7000,Blue Angel;
Printers and Multifunction Devices,Xerox VersaLink C7020,Blue Angel;
Printers and Multifunction Devices,Xerox VersaLink C7025,Blue Angel;
Printers and Multifunction Devices,Xerox VersaLink C7030,Blue Angel;
Printers and Multifunction Devices,Xerox VersaLink C7120,Blue Angel;
Printers and Multifunction Devices,Xerox VersaLink C7125,Blue Angel;
Printers and Multifunction Devices,Xerox VersaLink C7130,Blue Angel;
Printers and Multifunction Devices,Xerox VersaLink C8000,Blue Angel;
Printers and Multifunction Devices,Xerox VersaLink C9000,Blue Angel;
Resources and Energy-Efficient Software Products,KDE Okular,Blue Angel;
Server and Data Storage Products,Thomas-Krenn.AG 2HE Intel Dual-CPU RI2208 Scalable,Blue Angel;
Server and Data Storage Products,Thomas-Krenn.AG 2HE Intel Dual-CPU RI2208-LCS Scalable,Blue Angel;
Solar-Powered Products (scales, calculators),CASIO Solarrechner Typ FX-82-Solar II,Blue Angel;
Solar-Powered Products (scales, calculators),CITIZEN ECC 110 - Taschenrechner (Calculator),Blue Angel;
Solar-Powered Products (scales, calculators),CITIZEN ECC 210 - Taschenrechner (Calculator),Blue Angel;
Solar-Powered Products (scales, calculators),CITIZEN ECC 310 - Taschenrechner (Calculator),Blue Angel;
Solar-Powered Products (scales, calculators),GENIE ® 149ECO-SC - wissenschaftlicher Öko-Schulrechner,Blue Angel;
"Solar-Powered Products (scales, calculators),""MAUL Solar Briefwaagen und Paketwaagen Modelle MAULtec S, MAULtronic S, MAULcompact S, MAULtronic S porto, MAULstudio S, MAULlogic S, MAULparcel S, MAULtronic S Präzisionswaage"",Blue Angel";
Solar-Powered Products (scales, calculators),Solarrechner GENIE 105ECO,Blue Angel;
Solar-Powered Products (scales, calculators),Solarrechner GENIE 205ECO,Blue Angel;
Solar-Powered Products (scales, calculators),Solarrechner GENIE 305ECO,Blue Angel;
Solar-Powered Products (scales, calculators),Solarrechner STAPLES E21,Blue Angel;
Solar-Powered Products (scales, calculators),Solarrechner STAPLES E23,Blue Angel;
Solar-Powered Products (scales, calculators),Solarrechner TWEN ECO 10,Blue Angel;
Solar-Powered Products (scales, calculators),Solarrechner TWEN ECO 12,Blue Angel;
Solar-Powered Products (scales, calculators),Solarrechner TWEN ECO 8,Blue Angel;
Solar-Powered Products (scales, calculators),solarus® Solarbetriebenes Titriergerät,Blue Angel;
Solar-Powered Products (scales, calculators),Taschenrechner (Calculator) Rebell Eco 10,Blue Angel;
Solar-Powered Products (scales, calculators),Taschenrechner (Calculator) Rebell Eco 310,Blue Angel;
Solar-Powered Products (scales, calculators),Taschenrechner (Calculator) Rebell Eco 450,Blue Angel;
Solar-Powered Products (scales, calculators),Texas Instruments Schulrechner TI-30 Eco RS,Blue Angel;
Solar-Powered Products (scales, calculators),Texas Instruments Taschenrechner (Rechentrainer) Little Professor Solar,Blue Angel;
Take Back Schemes for Mobile Phones,Gemeinsames Rücknahmesystem für Mobilgeräte von Telekom & Teqcycle,Blue Angel;
Take Back Schemes for Mobile Phones,Gemeinsames Rücknahmesystem für Mobilgeräte von Telekom & Teqcycle,Blue Angel;
"Toasters,""ritter toaster volcano 5, volcano 3, ET 10"",Blue Angel";
Water Boilers, Electric Kettles,ritter kettle fontana 5,Blue Angel;
